Task_ID,Phase,Task_Name,Task_Description,Assigned_To,Start_Date,End_Date,Duration_Days,Effort_Hours,Priority,Dependencies,Status,Progress_Percentage,Deliverable,Acceptance_Criteria,Risk_Level,Notes,Code_Review_Required,Integration_Required,Testing_Required,Documentation_Required
P1.1,Phase 1 - Foundation & Setup,Project Repository Setup,Create Git repository with branch structure and CI/CD pipeline,Project Manager,2025-08-11,2025-08-11,1,2,Critical,None,Not Started,0,Git repository with branches,Repository created with main/develop/feature branches,Low,Foundation task - must complete first,No,No,No,Yes
P1.2,Phase 1 - Foundation & Setup,Development Environment Setup,Set up development servers and configure tools,All Team Members,2025-08-11,2025-08-11,1,4,Critical,P1.1,Not Started,0,Configured development environment,All team members can access development environment,Low,Parallel task after repository setup,No,No,No,Yes
P1.3,Phase 1 - Foundation & Setup,Database Design Implementation,Create database schema and initial tables,DBA,2025-08-11,2025-08-11,1,6,Critical,P1.2,Not Started,0,Database schema and tables,Users, files, transactions tables created with constraints,Medium,Blocks API development,No,No,No,Yes
P1.4,Phase 1 - Foundation & Setup,API Architecture Design,Design API endpoints structure and authentication flow,API Team,2025-08-11,2025-08-11,1,4,Critical,P1.3,Not Started,0,API architecture documentation,API endpoints and data models designed,Medium,Required for API development,No,No,No,Yes
P1.5,Phase 1 - Foundation & Setup,UI Architecture Design,Design component structure and routing system,UI Team,2025-08-11,2025-08-11,1,4,Critical,P1.2,Not Started,0,UI architecture documentation,Component structure and routing designed,Medium,Required for UI development,No,No,No,Yes
P1.6,Phase 1 - Foundation & Setup,Database Implementation,Implement all database tables and security,DBA,2025-08-11,2025-08-11,1,6,Critical,P1.4,Not Started,0,Complete database implementation,All tables, indexes, and security configured,Medium,Required for API development,No,No,No,Yes
P1.7,Phase 1 - Foundation & Setup,Basic API Framework,Set up API framework and middleware structure,API Team,2025-08-11,2025-08-11,1,4,Critical,P1.4,Not Started,0,API framework setup,Basic routing and middleware implemented,Medium,Foundation for API development,Yes,No,No,Yes
P1.8,Phase 1 - Foundation & Setup,Basic UI Framework,Set up UI framework and layout components,UI Team,2025-08-11,2025-08-11,1,4,Critical,P1.5,Not Started,0,UI framework setup,Basic layout and routing implemented,Medium,Foundation for UI development,Yes,No,No,Yes
P2.1,Phase 2 - Core Development,User Registration API,Implement registration endpoint with validation,API Developer 1,2025-08-12,2025-08-12,1,6,Critical,P1.7,Not Started,0,Registration API endpoint,User registration with validation working,High,Authentication foundation,Yes,No,Yes,Yes
P2.2,Phase 2 - Core Development,User Login API,Implement login endpoint with JWT tokens,API Developer 1,2025-08-12,2025-08-12,1,6,Critical,P1.7,Not Started,0,Login API endpoint,User login with JWT working,High,Authentication foundation,Yes,No,Yes,Yes
P2.3,Phase 2 - Core Development,Login Page UI,Create login form with validation,UI Developer 1,2025-08-12,2025-08-12,1,6,Critical,P1.8,Not Started,0,Login page component,Login form with validation working,High,Authentication UI,Yes,No,Yes,Yes
P2.4,Phase 2 - Core Development,Dashboard Data API,Implement dashboard data endpoint,API Developer 2,2025-08-12,2025-08-12,1,6,High,P2.1;P2.2,Not Started,0,Dashboard API endpoint,Dashboard data retrieval working,Medium,Required for dashboard UI,Yes,No,Yes,Yes
P2.5,Phase 2 - Core Development,Dashboard UI,Create dashboard layout with data visualization,UI Developer 1,2025-08-12,2025-08-12,1,6,High,P2.3,Not Started,0,Dashboard page component,Dashboard with data display working,Medium,Main user interface,Yes,No,Yes,Yes
P2.6,Phase 2 - Core Development,File Upload API,Implement file upload endpoint with validation,API Developer 2,2025-08-12,2025-08-12,1,6,High,P2.4,Not Started,0,File upload API endpoint,File upload with validation working,Medium,Core functionality,Yes,No,Yes,Yes
P2.7,Phase 2 - Core Development,File Upload UI,Create file upload component with drag-and-drop,UI Developer 2,2025-08-12,2025-08-12,1,6,High,P2.5,Not Started,0,File upload component,File upload interface working,Medium,Core functionality,Yes,No,Yes,Yes
P2.8,Phase 2 - Core Development,Transaction History API,Implement history endpoint with pagination,API Developer 2,2025-08-12,2025-08-12,1,6,Medium,P2.6,Not Started,0,Transaction history API,History with pagination working,Medium,User feature,Yes,No,Yes,Yes
P2.9,Phase 2 - Core Development,Transaction History UI,Create history table with pagination,UI Developer 2,2025-08-12,2025-08-12,1,6,Medium,P2.7,Not Started,0,Transaction history component,History display with pagination,Medium,User feature,Yes,No,Yes,Yes
P2.10,Phase 2 - Core Development,User Profile API,Implement profile update and password change,API Developer 1,2025-08-12,2025-08-12,1,6,Medium,P2.1;P2.2,Not Started,0,User profile API,Profile updates and password change working,Medium,User feature,Yes,No,Yes,Yes
P2.11,Phase 2 - Core Development,User Profile UI,Create profile page with settings forms,UI Developer 1,2025-08-12,2025-08-12,1,6,Medium,P2.9,Not Started,0,User profile component,Profile page with settings working,Medium,User feature,Yes,No,Yes,Yes
P2.12,Phase 2 - Core Development,Security Implementation,Implement authentication security and authorization,API Developer 1,2025-08-12,2025-08-12,1,6,High,P2.10,Not Started,0,Security implementation,JWT validation and authorization working,High,Security requirement,Yes,No,Yes,Yes
P2.13,Phase 2 - Core Development,Error Handling,Implement comprehensive error handling and validation,API Team,2025-08-12,2025-08-12,1,6,High,All previous API tasks,Not Started,0,Error handling system,Global error handling implemented,High,Production requirement,Yes,No,Yes,Yes
P2.14,Phase 2 - Core Development,UI Error Handling,Implement error display and loading states,UI Team,2025-08-12,2025-08-12,1,4,Medium,All previous UI tasks,Not Started,0,UI error handling,Error display and loading states working,Medium,User experience,Yes,No,Yes,Yes
P2.15,Phase 2 - Core Development,Database Security,Implement row-level security and audit logging,DBA,2025-08-12,2025-08-12,1,4,High,P2.13,Not Started,0,Database security,Row-level security and audit logging,High,Security requirement,Yes,No,Yes,Yes
P2.16,Phase 2 - Core Development,Performance Optimization,Implement caching and performance optimizations,All Team Members,2025-08-12,2025-08-12,1,6,Medium,All previous tasks,Not Started,0,Performance optimization,Caching and optimization implemented,Medium,Performance requirement,Yes,No,Yes,Yes
P2.17,Phase 2 - Core Development,Documentation,Create comprehensive documentation,All Team Members,2025-08-12,2025-08-12,1,4,Medium,All previous tasks,Not Started,0,Complete documentation,All documentation finalized,Medium,Documentation requirement,Yes,No,Yes,Yes
P3.1,Phase 3 - Integration & Testing,API Integration Testing,Test all API endpoints together,API Team + QA Engineer,2025-08-13,2025-08-13,1,6,Critical,P2.17,Not Started,0,API integration test results,All APIs working together,High,Integration requirement,No,Yes,Yes,Yes
P3.2,Phase 3 - Integration & Testing,UI Integration Testing,Test all UI components together,UI Team + QA Engineer,2025-08-13,2025-08-13,1,6,Critical,P2.17,Not Started,0,UI integration test results,All UI components working together,High,Integration requirement,No,Yes,Yes,Yes
P3.3,Phase 3 - Integration & Testing,Database Integration,Test database with all components,DBA + QA Engineer,2025-08-13,2025-08-13,1,2,Critical,P2.17,Not Started,0,Database integration test results,Database working with all components,High,Integration requirement,No,Yes,Yes,Yes
P3.4,Phase 3 - Integration & Testing,Functional Testing,Execute all test cases and user workflows,QA Engineer,2025-08-13,2025-08-13,1,8,Critical,P3.1;P3.2;P3.3,Not Started,0,Functional test results,All test cases passing,High,Quality requirement,No,No,Yes,Yes
P3.5,Phase 3 - Integration & Testing,Security Testing,Conduct security audit and vulnerability assessment,QA Engineer + Security Team,2025-08-13,2025-08-13,1,4,Critical,P3.1;P3.2;P3.3,Not Started,0,Security test results,No critical vulnerabilities found,High,Security requirement,No,No,Yes,Yes
P3.6,Phase 3 - Integration & Testing,Bug Fixes,Fix critical bugs and security issues,All Team Members,2025-08-13,2025-08-13,1,8,Critical,P3.4;P3.5,Not Started,0,Bug fix results,All critical bugs fixed,High,Quality requirement,Yes,No,Yes,Yes
P3.7,Phase 3 - Integration & Testing,Final Integration,Complete system integration and end-to-end testing,All Team Members,2025-08-13,2025-08-13,1,6,Critical,P3.6,Not Started,0,Final integration results,Complete system working,High,Integration requirement,No,Yes,Yes,Yes
P4.1,Phase 4 - Deployment,Production Environment Setup,Set up production servers and monitoring,DevOps Team,2025-08-14,2025-08-14,1,6,Critical,P3.7,Not Started,0,Production environment,Production servers configured,High,Deployment requirement,No,No,No,Yes
P4.2,Phase 4 - Deployment,Deployment Scripts,Create deployment automation and CI/CD pipeline,DevOps Team,2025-08-14,2025-08-14,1,4,Critical,P3.7,Not Started,0,Deployment scripts,Automated deployment working,High,Deployment requirement,No,No,No,Yes
P4.3,Phase 4 - Deployment,Production Deployment,Deploy to production and verify success,DevOps Team,2025-08-14,2025-08-14,1,4,Critical,P4.1;P4.2,Not Started,0,Production deployment,Application deployed successfully,High,Deployment requirement,No,No,No,Yes
P4.4,Phase 4 - Deployment,Post-Deployment Testing,Production smoke testing and user acceptance,QA Engineer,2025-08-14,2025-08-14,1,4,Critical,P4.3,Not Started,0,Post-deployment test results,Production testing passed,High,Quality requirement,No,No,Yes,Yes
P4.5,Phase 4 - Deployment,Project Handover,Complete project documentation and knowledge transfer,Project Manager,2025-08-14,2025-08-14,1,4,High,P4.4,Not Started,0,Project handover,Project successfully handed over,Medium,Project completion,No,No,No,Yes
